{"loss": [1.4869786500930786, 1.0742864608764648, 0.8940308690071106, 0.7838123440742493, 0.7008604407310486, 0.6409059166908264, 0.5917950868606567, 0.548027515411377, 0.5192996859550476, 0.4904904365539551, 0.45991501212120056, 0.43530064821243286, 0.4142085909843445, 0.3952535390853882, 0.3764471113681793, 0.3615405559539795, 0.3443339765071869, 0.3289794623851776, 0.3156065046787262, 0.30256009101867676, 0.2920117974281311, 0.2818376421928406, 0.2685943841934204, 0.2562813460826874, 0.24811165034770966, 0.23845157027244568, 0.23501846194267273, 0.22213712334632874, 0.21491016447544098, 0.20220842957496643, 0.20087939500808716, 0.19466671347618103, 0.181613951921463, 0.17841321229934692, 0.17298677563667297, 0.16271057724952698, 0.16230961680412292, 0.15009982883930206, 0.14793097972869873, 0.14006221294403076, 0.13454017043113708, 0.13249151408672333, 0.12535981833934784, 0.12468664348125458, 0.115916408598423, 0.11505772173404694, 0.11103331297636032, 0.10422372072935104, 0.09754251688718796, 0.09870953112840652, 0.09321799874305725, 0.0891505554318428, 0.08395813405513763, 0.08316457271575928, 0.08061926066875458, 0.07569015771150589, 0.07203450053930283, 0.07173169404268265, 0.06753633916378021, 0.06510748714208603, 0.06366283446550369, 0.05842521786689758, 0.059675898402929306, 0.05692332983016968, 0.055964093655347824, 0.05277536064386368, 0.052261874079704285, 0.05057983845472336, 0.04975906386971474, 0.05073319375514984], "accuracy": [0.4579061269760132, 0.6201337575912476, 0.6867991089820862, 0.7275112271308899, 0.76081383228302, 0.7802987694740295, 0.7967798709869385, 0.8112384080886841, 0.8217318058013916, 0.8317846655845642, 0.8418976068496704, 0.8511294722557068, 0.8581584692001343, 0.865487813949585, 0.8707345128059387, 0.8767422437667847, 0.8821892142295837, 0.8871355056762695, 0.8921619653701782, 0.8980295062065125, 0.8992310166358948, 0.9045578241348267, 0.9086630940437317, 0.9111262559890747, 0.9136294722557068, 0.9183555245399475, 0.918856143951416, 0.9237624406814575, 0.925905168056488, 0.9298301935195923, 0.9311318397521973, 0.933735191822052, 0.9374399185180664, 0.9374599456787109, 0.9390619993209839, 0.9437079429626465, 0.9441084861755371, 0.9480534791946411, 0.948614239692688, 0.951898455619812, 0.953500509262085, 0.954021155834198, 0.9571051001548767, 0.956964910030365, 0.9607096910476685, 0.9602290987968445, 0.9624919891357422, 0.9638937711715698, 0.9666773676872253, 0.9668174982070923, 0.9680190682411194, 0.9701017141342163, 0.97188401222229, 0.9719440937042236, 0.972144365310669, 0.9747076034545898, 0.9767903089523315, 0.9759892821311951, 0.9780519008636475, 0.9783122539520264, 0.9796139001846313, 0.9813961982727051, 0.981015682220459, 0.9817165732383728, 0.98183673620224, 0.9832184910774231, 0.9834187626838684, 0.9842398166656494, 0.9841597080230713, 0.9841196537017822], "val_loss": [1.1428351402282715, 1.3963944911956787, 1.0247219800949097, 1.0839344263076782, 0.798458993434906, 0.6228969693183899, 0.9758616089820862, 0.7592073082923889, 0.5419839024543762, 0.6454277634620667, 0.6420039534568787, 0.8257188200950623, 0.6003422141075134, 0.5000479221343994, 0.8242190480232239, 0.534615695476532, 0.7237884998321533, 0.48422491550445557, 0.6079868674278259, 0.41666480898857117, 0.4469292461872101, 0.5223241448402405, 0.5405978560447693, 0.5033508539199829, 0.4580412209033966, 0.5245376825332642, 0.5530874729156494, 0.5201846957206726, 0.4133586287498474, 0.5640783905982971, 0.38561707735061646, 0.4052955210208893, 0.4386991262435913, 0.4852111339569092, 0.4119807183742523, 0.3586078882217407, 0.40819501876831055, 0.4266296923160553, 0.46479281783103943, 0.4003080129623413, 0.38811248540878296, 0.4603480100631714, 0.45435869693756104, 0.38986390829086304, 0.41645264625549316, 0.3641992211341858, 0.3794575035572052, 0.5155786871910095, 0.38535410165786743, 0.41386714577674866, 0.38128215074539185, 0.3998115360736847, 0.36393433809280396, 0.3851121664047241, 0.3907129466533661, 0.389919251203537, 0.40376201272010803, 0.38960984349250793, 0.37227863073349, 0.3671307861804962, 0.3653314411640167, 0.37290212512016296, 0.37047049403190613, 0.3649362325668335, 0.3677704930305481, 0.3505101501941681, 0.3523920774459839, 0.35394537448883057, 0.35172349214553833, 0.3511011302471161], "val_accuracy": [0.5842999815940857, 0.5616999864578247, 0.6456000208854675, 0.6564000248908997, 0.727400004863739, 0.7907000184059143, 0.7121000289916992, 0.7608000040054321, 0.8148999810218811, 0.7914999723434448, 0.7871999740600586, 0.7386999726295471, 0.8021000027656555, 0.8345000147819519, 0.7498000264167786, 0.8274000287055969, 0.7843999862670898, 0.8452000021934509, 0.809499979019165, 0.8668000102043152, 0.8569999933242798, 0.8428000211715698, 0.838100016117096, 0.8406000137329102, 0.8568999767303467, 0.8352000117301941, 0.8379999995231628, 0.8475000262260437, 0.8684999942779541, 0.8335000276565552, 0.8794000148773193, 0.8741999864578247, 0.8666999936103821, 0.8586999773979187, 0.8784000277519226, 0.8851000070571899, 0.8804000020027161, 0.8754000067710876, 0.8676999807357788, 0.8820000290870667, 0.8848999738693237, 0.8712999820709229, 0.8694000244140625, 0.882099986076355, 0.8810999989509583, 0.8937000036239624, 0.8894000053405762, 0.8628000020980835, 0.8920000195503235, 0.8891000151634216, 0.8924999833106995, 0.8901000022888184, 0.8985000252723694, 0.8942999839782715, 0.8953999876976013, 0.8949000239372253, 0.8931000232696533, 0.8939999938011169, 0.8978000283241272, 0.8956000208854675, 0.9006999731063843, 0.8991000056266785, 0.9031000137329102, 0.8992000222206116, 0.9002000093460083, 0.9028000235557556, 0.902400016784668, 0.9024999737739563, 0.9039000272750854, 0.9039000272750854]}